{
  "accuracy": 0.6666666666666666,
  "roc_auc": 0.0,
  "prevalence": 0.6666666666666666,
  "n_test_rows": 3,
  "positive_outcomes": 2,
  "confusion_matrix_labels": [
    0,
    1
  ],
  "confusion_matrix": [
    [
      0,
      1
    ],
    [
      0,
      2
    ]
  ],
  "classification_report": {
    "0": {
      "precision": 0.0,
      "recall": 0.0,
      "f1-score": 0.0,
      "support": 1.0
    },
    "1": {
      "precision": 0.6666666666666666,
      "recall": 1.0,
      "f1-score": 0.8,
      "support": 2.0
    },
    "accuracy": 0.6666666666666666,
    "macro avg": {
      "precision": 0.3333333333333333,
      "recall": 0.5,
      "f1-score": 0.4,
      "support": 3.0
    },
    "weighted avg": {
      "precision": 0.4444444444444444,
      "recall": 0.6666666666666666,
      "f1-score": 0.5333333333333333,
      "support": 3.0
    }
  }
}